timestamp,unit_id,unit_type,empire_or_resistance,location_x,location_y,destination_x,destination_y,homeworld
2023-10-10 10:09:15,1,tie_fighter,resistance,2,1,2,2,Sullust
2023-10-10 10:09:14,2,tie_fighter,resistance,2,10,10,9,Bestine IV
2023-10-10 10:09:13,3,resistance_soldier,empire,2,7,9,2,Tund
2023-10-10 10:09:12,4,unknown,empire,2,9,2,8,Toydaria
2023-10-10 10:09:11,5,tie_silencer,empire,10,9,9,7,Iridonia
2023-10-10 10:09:10,6,tie_fighter,resistance,2,8,1,8,Champala
2023-10-10 10:09:09,7,stormtrooper,resistance,3,8,4,9,Iktotch
2023-10-10 10:09:08,8,at-st,resistance,6,1,5,4,Troiken
2023-10-10 10:09:07,9,x-wing,empire,2,3,3,3,Alderaan
2023-10-10 10:09:06,10,x-wing,empire,9,1,7,1,Muunilinst
2023-10-10 10:09:05,11,tie_fighter,resistance,10,9,2,5,Mon Cala
2023-10-10 10:09:04,12,at-at,resistance,7,10,6,2,Ojom
2023-10-10 10:09:03,13,at-st,resistance,9,5,7,10,Naboo
2023-10-10 10:09:02,14,resistance_soldier,resistance,3,10,6,6,Muunilinst
2023-10-10 10:09:01,15,x-wing,empire,5,5,7,8,Zolan
2023-10-10 10:09:00,16,tie_silencer,empire,6,8,2,8,Skako
2023-10-10 10:08:59,17,resistance_soldier,resistance,9,6,9,2,Trandosha
2023-10-10 10:08:58,18,tie_fighter,resistance,7,10,7,2,Muunilinst
2023-10-10 10:08:57,19,at-at,resistance,10,1,7,8,Socorro
2023-10-10 10:08:56,20,tie_silencer,empire,7,4,7,6,Kalee
2023-10-10 10:08:55,21,x-wing,empire,10,2,2,10,Alderaan
2023-10-10 10:08:54,22,at-at,empire,2,9,7,8,Skako
2023-10-10 10:08:53,23,at-st,resistance,9,1,10,2,Dathomir
2023-10-10 10:08:52,24,at-at,empire,1,8,8,10,Stewjon
2023-10-10 10:08:51,25,at-at,resistance,5,6,7,3,Aleen Minor
2023-10-10 10:08:50,26,tie_silencer,empire,10,7,2,9,Toydaria
2023-10-10 10:08:49,27,unknown,resistance,8,3,7,7,Cerea
2023-10-10 10:08:48,28,at-st,empire,10,5,8,3,Cerea
2023-10-10 10:08:47,29,tie_silencer,empire,2,1,6,5,Malastare
2023-10-10 10:08:46,30,x-wing,resistance,3,7,10,5,Iktotch
2023-10-10 10:08:45,31,tie_silencer,resistance,8,8,9,5,Rodia
2023-10-10 10:08:44,32,stormtrooper,empire,7,1,8,3,Tund
2023-10-10 10:08:43,33,x-wing,empire,10,4,6,1,Tund
2023-10-10 10:08:42,34,unknown,resistance,6,8,9,5,Tund
2023-10-10 10:08:41,35,x-wing,empire,10,10,8,9,Skako
2023-10-10 10:08:40,36,x-wing,empire,9,1,2,8,Mon Cala
2023-10-10 10:08:39,37,tie_silencer,resistance,7,2,5,7,Aleen Minor
2023-10-10 10:08:38,38,stormtrooper,resistance,9,3,8,5,Quermia
2023-10-10 10:08:37,39,unknown,empire,3,7,4,3,Tholoth
2023-10-10 10:08:36,40,stormtrooper,resistance,5,9,7,2,Ryloth
2023-10-10 10:08:35,41,tie_fighter,resistance,9,5,4,7,Stewjon
2023-10-10 10:08:34,42,resistance_soldier,resistance,6,5,5,7,Ryloth
2023-10-10 10:08:33,43,at-at,empire,5,9,10,4,Skako
2023-10-10 10:08:32,44,at-at,empire,9,3,2,8,Zolan
2023-10-10 10:08:31,45,resistance_soldier,resistance,3,9,2,6,Ojom
2023-10-10 10:08:30,46,tie_silencer,empire,3,10,7,6,Malastare
2023-10-10 10:08:29,47,resistance_soldier,resistance,1,9,9,7,Sullust
2023-10-10 10:08:28,48,tie_fighter,resistance,5,3,8,5,Mon Cala
2023-10-10 10:08:27,49,at-st,resistance,1,9,2,7,Mirial
2023-10-10 10:08:26,50,stormtrooper,empire,8,4,5,2,Quermia
2023-10-10 10:08:25,51,at-st,empire,5,7,5,5,Troiken
2023-10-10 10:08:24,52,unknown,empire,6,10,1,4,Glee Anselm
2023-10-10 10:08:23,53,unknown,empire,9,9,2,3,Dorin
2023-10-10 10:08:22,54,tie_fighter,resistance,6,2,5,6,Ojom
2023-10-10 10:08:21,55,resistance_soldier,empire,3,9,1,3,Ojom
2023-10-10 10:08:20,56,resistance_soldier,empire,1,5,9,3,Aleen Minor
2023-10-10 10:08:19,57,stormtrooper,resistance,6,3,9,9,Skako
2023-10-10 10:08:18,58,tie_fighter,empire,1,7,5,4,Quermia
2023-10-10 10:08:17,59,unknown,empire,9,4,4,5,Serenno
2023-10-10 10:08:16,60,at-st,empire,4,10,8,3,Umbara
2023-10-10 10:08:15,61,at-at,empire,9,1,5,3,Iktotch
2023-10-10 10:08:14,62,tie_fighter,empire,7,9,2,6,Sullust
2023-10-10 10:08:13,63,x-wing,empire,3,5,1,2,Corellia
2023-10-10 10:08:12,64,tie_fighter,empire,9,7,1,6,Mirial
2023-10-10 10:08:11,65,x-wing,resistance,1,2,2,1,Dagobah
2023-10-10 10:08:10,66,stormtrooper,resistance,9,5,1,3,Aleen Minor
2023-10-10 10:08:09,67,at-at,empire,7,1,3,9,Glee Anselm
2023-10-10 10:08:08,68,stormtrooper,resistance,5,7,3,2,Tholoth
2023-10-10 10:08:07,69,unknown,resistance,3,5,10,10,Bestine IV
2023-10-10 10:08:06,70,resistance_soldier,empire,5,6,1,2,Naboo
2023-10-10 10:08:05,71,unknown,resistance,2,9,7,8,Serenno
2023-10-10 10:08:04,72,unknown,resistance,4,9,1,2,Iktotch
2023-10-10 10:08:03,73,x-wing,resistance,4,8,4,6,Chandrila
2023-10-10 10:08:02,74,tie_fighter,resistance,7,7,9,6,Serenno
2023-10-10 10:08:01,75,at-at,resistance,8,7,6,1,Dorin
2023-10-10 10:08:00,76,tie_fighter,resistance,5,8,1,3,Zolan
2023-10-10 10:07:59,77,at-st,empire,9,7,3,7,Bestine IV
2023-10-10 10:07:58,78,x-wing,resistance,1,3,7,9,Corellia
2023-10-10 10:07:57,79,at-st,empire,10,10,7,3,Troiken
2023-10-10 10:07:56,80,stormtrooper,empire,1,2,6,3,Iktotch
2023-10-10 10:07:55,81,at-at,empire,10,9,6,4,Shili
2023-10-10 10:07:54,82,at-st,empire,3,4,8,6,Dorin
2023-10-10 10:07:53,83,at-at,resistance,3,4,9,1,Mirial
2023-10-10 10:07:52,84,at-st,empire,6,9,2,5,Toydaria
2023-10-10 10:07:51,85,at-st,empire,2,2,8,8,Corellia
2023-10-10 10:07:50,86,unknown,empire,5,10,10,6,Troiken
2023-10-10 10:07:49,87,tie_silencer,empire,10,10,6,8,Dorin
2023-10-10 10:07:48,88,tie_fighter,empire,10,9,7,2,Tatooine
2023-10-10 10:07:47,89,tie_silencer,resistance,7,8,2,4,Aleen Minor
2023-10-10 10:07:46,90,unknown,empire,6,7,4,2,Socorro
2023-10-10 10:07:45,91,resistance_soldier,empire,6,1,4,9,Concord Dawn
2023-10-10 10:07:44,92,at-st,resistance,2,10,1,9,Muunilinst
2023-10-10 10:07:43,93,unknown,resistance,4,5,7,4,Iktotch
2023-10-10 10:07:42,94,stormtrooper,resistance,10,5,3,10,Tund
2023-10-10 10:07:41,95,resistance_soldier,empire,5,8,1,4,Zolan
2023-10-10 10:07:40,96,resistance_soldier,resistance,8,2,2,9,Dorin
2023-10-10 10:07:39,97,at-st,resistance,6,9,10,10,Zolan
2023-10-10 10:07:38,98,x-wing,resistance,7,6,3,3,Champala
2023-10-10 10:07:37,99,x-wing,resistance,2,2,7,6,Tatooine
2023-10-10 10:07:36,100,tie_fighter,empire,4,6,1,2,Dathomir
2023-10-10 10:07:35,101,tie_fighter,empire,3,6,8,1,Muunilinst
2023-10-10 10:07:34,102,unknown,empire,8,3,7,4,Mon Cala
2023-10-10 10:07:33,103,x-wing,resistance,5,5,10,3,Chandrila
2023-10-10 10:07:32,104,at-st,empire,2,7,10,2,Mon Cala
2023-10-10 10:07:31,105,unknown,resistance,9,8,1,5,Socorro
2023-10-10 10:07:30,106,tie_fighter,resistance,3,1,5,2,Rodia
2023-10-10 10:07:29,107,stormtrooper,empire,8,7,2,2,Mirial
2023-10-10 10:07:28,108,at-st,empire,1,4,1,5,Rodia
2023-10-10 10:07:27,109,stormtrooper,resistance,5,5,5,10,Champala
2023-10-10 10:07:26,110,tie_fighter,resistance,7,7,2,9,Alderaan
2023-10-10 10:07:25,111,stormtrooper,resistance,9,2,2,10,Mirial
2023-10-10 10:07:24,112,resistance_soldier,empire,2,5,2,7,Chandrila
2023-10-10 10:07:23,113,unknown,empire,5,3,6,2,Naboo
2023-10-10 10:07:22,114,unknown,empire,7,6,4,5,Dathomir
2023-10-10 10:07:21,115,tie_fighter,resistance,9,7,10,10,Eriadu
2023-10-10 10:07:20,116,x-wing,resistance,1,1,5,5,Malastare
2023-10-10 10:07:19,117,tie_silencer,resistance,1,7,6,2,Ojom
2023-10-10 10:07:18,118,resistance_soldier,empire,10,5,7,10,Ojom
2023-10-10 10:07:17,119,x-wing,empire,6,10,1,9,Tholoth
2023-10-10 10:07:16,120,x-wing,resistance,2,5,9,5,Chandrila
2023-10-10 10:07:15,121,resistance_soldier,resistance,3,9,10,4,Haruun Kal
2023-10-10 10:07:14,122,x-wing,empire,9,7,5,3,Concord Dawn
2023-10-10 10:07:13,123,stormtrooper,empire,9,4,4,8,Socorro
2023-10-10 10:07:12,124,tie_fighter,empire,7,3,6,6,Toydaria
2023-10-10 10:07:11,125,stormtrooper,resistance,7,3,10,4,Trandosha
2023-10-10 10:07:10,126,at-st,empire,5,4,10,8,Haruun Kal
2023-10-10 10:07:09,127,at-st,resistance,9,6,3,3,Stewjon
2023-10-10 10:07:08,128,tie_fighter,empire,9,6,3,9,Stewjon
2023-10-10 10:07:07,129,stormtrooper,empire,7,10,5,2,Bestine IV
2023-10-10 10:07:06,130,at-at,empire,6,8,1,5,Corellia
2023-10-10 10:07:05,131,x-wing,resistance,5,4,10,2,Concord Dawn
2023-10-10 10:07:04,132,at-at,resistance,2,4,3,5,Eriadu
2023-10-10 10:07:03,133,unknown,empire,7,1,8,5,Toydaria
2023-10-10 10:07:02,134,tie_fighter,empire,10,4,4,3,Chandrila
2023-10-10 10:07:01,135,stormtrooper,resistance,3,7,2,5,Quermia
2023-10-10 10:07:00,136,stormtrooper,resistance,2,3,10,10,Iktotch
2023-10-10 10:06:59,137,resistance_soldier,empire,2,6,6,1,Rodia
2023-10-10 10:06:58,138,at-at,empire,4,2,9,8,Eriadu
2023-10-10 10:06:57,139,at-st,empire,8,7,5,2,Zolan
2023-10-10 10:06:56,140,stormtrooper,resistance,4,1,8,3,Troiken
2023-10-10 10:06:55,141,resistance_soldier,empire,1,9,6,3,Chandrila
2023-10-10 10:06:54,142,stormtrooper,empire,8,9,8,8,Toydaria
2023-10-10 10:06:53,143,at-at,empire,9,1,7,9,Eriadu
2023-10-10 10:06:52,144,at-st,resistance,8,10,3,2,Umbara
2023-10-10 10:06:51,145,at-at,empire,10,2,4,4,Malastare
2023-10-10 10:06:50,146,tie_silencer,empire,9,1,1,6,Kalee
2023-10-10 10:06:49,147,x-wing,resistance,6,8,10,8,Naboo
2023-10-10 10:06:48,148,x-wing,resistance,7,3,8,1,Troiken
2023-10-10 10:06:47,149,x-wing,empire,8,7,10,2,Chandrila
2023-10-10 10:06:46,150,stormtrooper,empire,5,9,1,5,Dorin
2023-10-10 10:06:45,151,tie_silencer,resistance,3,6,10,6,Naboo
2023-10-10 10:06:44,152,at-at,empire,1,2,9,3,Tholoth
2023-10-10 10:06:43,153,stormtrooper,empire,6,6,3,10,Stewjon
2023-10-10 10:06:42,154,at-st,resistance,10,7,3,4,Tatooine
2023-10-10 10:06:41,155,unknown,resistance,5,2,3,2,Aleen Minor
2023-10-10 10:06:40,156,unknown,resistance,5,3,3,7,Dagobah
2023-10-10 10:06:39,157,tie_silencer,empire,7,7,9,4,Tholoth
2023-10-10 10:06:38,158,tie_silencer,resistance,8,4,5,10,Kalee
2023-10-10 10:06:37,159,stormtrooper,empire,1,7,5,9,Cerea
2023-10-10 10:06:36,160,unknown,resistance,8,6,3,8,Champala
2023-10-10 10:06:35,161,tie_fighter,resistance,5,5,5,10,Zolan
2023-10-10 10:06:34,162,x-wing,empire,2,1,3,9,Ojom
2023-10-10 10:06:33,163,stormtrooper,resistance,4,10,9,4,Haruun Kal
2023-10-10 10:06:32,164,unknown,resistance,10,7,7,9,Dorin
2023-10-10 10:06:31,165,unknown,empire,8,9,4,9,Naboo
2023-10-10 10:06:30,166,tie_silencer,resistance,1,10,4,6,Bestine IV
2023-10-10 10:06:29,167,tie_fighter,empire,5,5,2,3,Dagobah
2023-10-10 10:06:28,168,unknown,empire,5,10,10,7,Eriadu
2023-10-10 10:06:27,169,stormtrooper,resistance,5,8,3,6,Skako
2023-10-10 10:06:26,170,tie_silencer,empire,5,7,5,7,Cerea
2023-10-10 10:06:25,171,at-at,empire,1,3,8,5,Kashyyyk
2023-10-10 10:06:24,172,tie_fighter,empire,6,3,4,4,Vulpter
2023-10-10 10:06:23,173,resistance_soldier,resistance,10,1,2,3,Aleen Minor
2023-10-10 10:06:22,174,tie_silencer,empire,7,1,1,6,Dathomir
2023-10-10 10:06:21,175,at-st,empire,7,2,6,4,Bestine IV
2023-10-10 10:06:20,176,tie_fighter,empire,3,2,2,9,Concord Dawn
2023-10-10 10:06:19,177,tie_silencer,resistance,8,1,1,8,Iridonia
2023-10-10 10:06:18,178,stormtrooper,resistance,9,8,8,6,Shili
2023-10-10 10:06:17,179,tie_silencer,resistance,6,9,3,7,Iktotch
2023-10-10 10:06:16,180,tie_fighter,empire,2,7,1,1,Serenno
2023-10-10 10:06:15,181,x-wing,resistance,2,9,6,10,Iridonia
2023-10-10 10:06:14,182,at-st,empire,3,4,4,5,Alderaan
2023-10-10 10:06:13,183,resistance_soldier,empire,6,6,4,3,Chandrila
2023-10-10 10:06:12,184,at-at,empire,7,2,1,1,Tholoth
2023-10-10 10:06:11,185,tie_silencer,empire,9,2,5,1,Muunilinst
2023-10-10 10:06:10,186,x-wing,resistance,9,7,6,7,Eriadu
2023-10-10 10:06:09,187,tie_fighter,empire,7,1,5,5,Corellia
2023-10-10 10:06:08,188,tie_silencer,resistance,7,6,5,7,Glee Anselm
2023-10-10 10:06:07,189,at-at,empire,7,7,8,5,Dorin
2023-10-10 10:06:06,190,unknown,resistance,5,6,10,8,Stewjon
2023-10-10 10:06:05,191,resistance_soldier,resistance,5,2,5,9,Corellia
2023-10-10 10:06:04,192,resistance_soldier,resistance,8,5,10,9,Quermia
2023-10-10 10:06:03,193,tie_silencer,resistance,8,8,4,9,Mon Cala
2023-10-10 10:06:02,194,stormtrooper,empire,4,4,8,7,Serenno
2023-10-10 10:06:01,195,at-at,resistance,2,5,9,1,Corellia
2023-10-10 10:06:00,196,resistance_soldier,empire,8,10,6,1,Kashyyyk
2023-10-10 10:05:59,197,at-at,resistance,7,5,4,4,Kalee
2023-10-10 10:05:58,198,tie_silencer,resistance,6,5,8,2,Malastare
2023-10-10 10:05:57,199,tie_silencer,empire,9,1,7,6,Concord Dawn
2023-10-10 10:05:56,200,at-at,resistance,5,4,2,10,Kashyyyk
2023-10-10 10:05:55,201,at-st,empire,1,1,3,9,Malastare
2023-10-10 10:05:54,202,at-at,resistance,9,9,10,8,Kashyyyk
2023-10-10 10:05:53,203,at-at,resistance,4,1,4,1,Glee Anselm
2023-10-10 10:05:52,204,at-at,resistance,4,4,5,8,Skako
2023-10-10 10:05:51,205,x-wing,resistance,6,8,10,6,Mirial
2023-10-10 10:05:50,206,x-wing,resistance,4,8,7,6,Eriadu
2023-10-10 10:05:49,207,resistance_soldier,empire,8,9,8,6,Glee Anselm
2023-10-10 10:05:48,208,resistance_soldier,resistance,5,4,4,3,Mon Cala
2023-10-10 10:05:47,209,unknown,empire,9,10,2,4,Quermia
2023-10-10 10:05:46,210,unknown,empire,9,7,1,3,Rodia
2023-10-10 10:05:45,211,tie_silencer,empire,8,10,8,2,Corellia
2023-10-10 10:05:44,212,tie_silencer,empire,1,1,1,8,Alderaan
2023-10-10 10:05:43,213,x-wing,resistance,2,6,6,10,Mirial
2023-10-10 10:05:42,214,resistance_soldier,resistance,5,6,9,8,Iridonia
2023-10-10 10:05:41,215,tie_silencer,resistance,3,2,3,8,Kashyyyk
2023-10-10 10:05:40,216,unknown,empire,4,1,10,10,Corellia
2023-10-10 10:05:39,217,x-wing,resistance,7,5,7,10,Rodia
2023-10-10 10:05:38,218,tie_silencer,resistance,8,9,9,5,Vulpter
2023-10-10 10:05:37,219,resistance_soldier,empire,3,6,1,3,Haruun Kal
2023-10-10 10:05:36,220,x-wing,resistance,10,4,6,3,Dagobah
2023-10-10 10:05:35,221,tie_silencer,empire,7,10,10,1,Troiken
2023-10-10 10:05:34,222,resistance_soldier,resistance,8,5,3,7,Tatooine
2023-10-10 10:05:33,223,at-st,empire,2,10,7,1,Eriadu
2023-10-10 10:05:32,224,at-st,empire,10,4,3,10,Cerea
2023-10-10 10:05:31,225,x-wing,empire,5,1,3,6,Rodia
2023-10-10 10:05:30,226,unknown,resistance,6,7,1,1,Champala
2023-10-10 10:05:29,227,tie_fighter,resistance,3,1,10,3,Socorro
2023-10-10 10:05:28,228,resistance_soldier,empire,10,10,6,9,Kalee
2023-10-10 10:05:27,229,tie_fighter,resistance,6,8,1,6,Kashyyyk
2023-10-10 10:05:26,230,resistance_soldier,resistance,3,4,6,3,Dathomir
2023-10-10 10:05:25,231,stormtrooper,empire,9,4,7,1,Mirial
2023-10-10 10:05:24,232,resistance_soldier,empire,10,6,7,8,Mon Cala
2023-10-10 10:05:23,233,at-st,empire,4,3,8,6,Eriadu
2023-10-10 10:05:22,234,tie_silencer,resistance,5,6,10,5,Malastare
2023-10-10 10:05:21,235,resistance_soldier,resistance,7,2,7,9,Troiken
2023-10-10 10:05:20,236,tie_fighter,empire,3,6,4,5,Trandosha
2023-10-10 10:05:19,237,at-at,resistance,5,2,2,4,Iridonia
2023-10-10 10:05:18,238,resistance_soldier,resistance,5,8,8,10,Vulpter
2023-10-10 10:05:17,239,at-st,resistance,4,7,2,5,Sullust
2023-10-10 10:05:16,240,tie_fighter,empire,7,5,1,4,Mon Cala
2023-10-10 10:05:15,241,at-at,empire,9,10,9,10,Serenno
2023-10-10 10:05:14,242,tie_silencer,empire,1,5,3,2,Vulpter
2023-10-10 10:05:13,243,stormtrooper,empire,10,6,8,9,Cerea
2023-10-10 10:05:12,244,tie_fighter,resistance,5,1,10,1,Sullust
2023-10-10 10:05:11,245,at-at,empire,3,6,3,1,Quermia
2023-10-10 10:05:10,246,at-at,empire,10,10,8,9,Dathomir
2023-10-10 10:05:09,247,resistance_soldier,empire,7,6,9,10,Corellia
2023-10-10 10:05:08,248,stormtrooper,resistance,9,3,6,8,Alderaan
2023-10-10 10:05:07,249,unknown,resistance,9,8,2,8,Iridonia
2023-10-10 10:05:06,250,unknown,empire,7,9,3,9,Haruun Kal
2023-10-10 10:05:05,251,stormtrooper,resistance,1,5,5,2,Dathomir
2023-10-10 10:05:04,252,at-st,resistance,4,1,5,2,Sullust
2023-10-10 10:05:03,253,x-wing,empire,10,9,4,4,Quermia
2023-10-10 10:05:02,254,unknown,resistance,5,7,6,5,Stewjon
2023-10-10 10:05:01,255,resistance_soldier,empire,3,10,7,9,Shili
2023-10-10 10:05:00,256,stormtrooper,empire,3,2,8,4,Skako
2023-10-10 10:04:59,257,tie_silencer,resistance,6,7,3,7,Shili
2023-10-10 10:04:58,258,resistance_soldier,resistance,5,8,5,4,Sullust
2023-10-10 10:04:57,259,stormtrooper,resistance,1,3,4,2,Zolan
2023-10-10 10:04:56,260,tie_silencer,empire,5,8,7,5,Sullust
2023-10-10 10:04:55,261,at-at,resistance,8,5,6,7,Bestine IV
2023-10-10 10:04:54,262,at-at,resistance,7,3,8,5,Troiken
2023-10-10 10:04:53,263,unknown,empire,6,2,9,10,Malastare
2023-10-10 10:04:52,264,resistance_soldier,empire,10,7,4,10,Champala
2023-10-10 10:04:51,265,unknown,resistance,1,2,9,9,Serenno
2023-10-10 10:04:50,266,unknown,empire,3,10,6,2,Dathomir
2023-10-10 10:04:49,267,unknown,empire,3,1,2,7,Champala
2023-10-10 10:04:48,268,stormtrooper,resistance,10,2,8,5,Shili
2023-10-10 10:04:47,269,resistance_soldier,resistance,10,8,10,1,Champala
2023-10-10 10:04:46,270,stormtrooper,resistance,8,5,5,7,Serenno
2023-10-10 10:04:45,271,resistance_soldier,empire,7,1,6,5,Skako
2023-10-10 10:04:44,272,resistance_soldier,resistance,9,6,10,5,Corellia
2023-10-10 10:04:43,273,stormtrooper,resistance,4,6,1,2,Cerea
2023-10-10 10:04:42,274,tie_fighter,empire,8,4,6,3,Kashyyyk
2023-10-10 10:04:41,275,resistance_soldier,resistance,1,7,9,1,Dagobah
2023-10-10 10:04:40,276,at-st,empire,1,8,3,10,Tholoth
2023-10-10 10:04:39,277,at-st,empire,7,3,6,1,Zolan
2023-10-10 10:04:38,278,tie_silencer,resistance,10,9,10,3,Eriadu
2023-10-10 10:04:37,279,tie_fighter,resistance,1,5,10,8,Skako
2023-10-10 10:04:36,280,tie_fighter,empire,9,9,4,4,Umbara
2023-10-10 10:04:35,281,tie_silencer,resistance,6,1,9,5,Iktotch
2023-10-10 10:04:34,282,at-at,resistance,9,10,7,4,Mirial
2023-10-10 10:04:33,283,tie_silencer,empire,2,6,10,2,Cerea
2023-10-10 10:04:32,284,at-at,resistance,3,3,3,2,Toydaria
2023-10-10 10:04:31,285,resistance_soldier,resistance,1,3,4,4,Malastare
2023-10-10 10:04:30,286,tie_fighter,resistance,7,8,5,3,Tholoth
2023-10-10 10:04:29,287,unknown,resistance,10,1,6,2,Mirial
2023-10-10 10:04:28,288,at-at,resistance,4,6,7,8,Kashyyyk
2023-10-10 10:04:27,289,unknown,empire,10,5,8,10,Glee Anselm
2023-10-10 10:04:26,290,tie_silencer,resistance,3,3,10,1,Trandosha
2023-10-10 10:04:25,291,at-at,resistance,7,5,3,9,Dathomir
2023-10-10 10:04:24,292,tie_fighter,empire,9,2,4,10,Bestine IV
2023-10-10 10:04:23,293,at-st,empire,6,10,1,10,Alderaan
2023-10-10 10:04:22,294,resistance_soldier,empire,3,9,8,4,Umbara
2023-10-10 10:04:21,295,at-at,empire,1,5,8,10,Naboo
2023-10-10 10:04:20,296,at-st,resistance,3,8,10,7,Aleen Minor
2023-10-10 10:04:19,297,stormtrooper,empire,5,4,7,7,Mon Cala
2023-10-10 10:04:18,298,stormtrooper,resistance,9,8,6,5,Mirial
2023-10-10 10:04:17,299,resistance_soldier,resistance,3,3,9,4,Glee Anselm
2023-10-10 10:04:16,300,stormtrooper,empire,6,10,1,1,Chandrila
2023-10-10 10:04:15,301,unknown,empire,8,10,10,2,Malastare
2023-10-10 10:04:14,302,at-st,empire,1,3,1,8,Eriadu
2023-10-10 10:04:13,303,x-wing,resistance,8,8,1,7,Tholoth
2023-10-10 10:04:12,304,at-at,resistance,9,7,2,8,Muunilinst
2023-10-10 10:04:11,305,x-wing,resistance,7,6,6,5,Tund
2023-10-10 10:04:10,306,stormtrooper,resistance,7,4,10,4,Stewjon
2023-10-10 10:04:09,307,at-st,resistance,5,3,10,5,Dorin
2023-10-10 10:04:08,308,at-at,empire,3,7,7,8,Shili
2023-10-10 10:04:07,309,resistance_soldier,empire,8,4,9,8,Bestine IV
2023-10-10 10:04:06,310,tie_silencer,empire,9,10,1,9,Haruun Kal
2023-10-10 10:04:05,311,at-st,empire,8,1,1,4,Vulpter
2023-10-10 10:04:04,312,unknown,resistance,4,6,2,1,Stewjon
2023-10-10 10:04:03,313,resistance_soldier,resistance,10,4,2,9,Serenno
2023-10-10 10:04:02,314,stormtrooper,empire,10,10,1,5,Malastare
2023-10-10 10:04:01,315,tie_fighter,resistance,10,4,10,1,Naboo
2023-10-10 10:04:00,316,unknown,resistance,10,8,9,4,Dathomir
2023-10-10 10:03:59,317,tie_fighter,empire,5,9,8,4,Glee Anselm
2023-10-10 10:03:58,318,unknown,resistance,1,7,10,3,Dagobah
2023-10-10 10:03:57,319,x-wing,resistance,5,8,6,4,Kalee
2023-10-10 10:03:56,320,resistance_soldier,empire,6,9,3,1,Trandosha
2023-10-10 10:03:55,321,tie_silencer,resistance,4,3,10,5,Skako
2023-10-10 10:03:54,322,unknown,resistance,6,4,3,5,Kalee
2023-10-10 10:03:53,323,tie_fighter,empire,4,5,4,9,Chandrila
2023-10-10 10:03:52,324,unknown,resistance,3,2,10,6,Ojom
2023-10-10 10:03:51,325,x-wing,resistance,5,7,7,8,Troiken
2023-10-10 10:03:50,326,at-at,empire,9,6,4,4,Chandrila
2023-10-10 10:03:49,327,stormtrooper,resistance,8,1,3,4,Glee Anselm
2023-10-10 10:03:48,328,x-wing,resistance,4,4,6,8,Ojom
2023-10-10 10:03:47,329,x-wing,resistance,2,10,10,1,Sullust
2023-10-10 10:03:46,330,at-at,resistance,4,9,1,10,Stewjon
2023-10-10 10:03:45,331,at-st,resistance,7,9,6,9,Haruun Kal
2023-10-10 10:03:44,332,tie_fighter,resistance,10,10,10,10,Troiken
2023-10-10 10:03:43,333,tie_fighter,resistance,4,6,5,2,Champala
2023-10-10 10:03:42,334,resistance_soldier,resistance,6,1,2,9,Tatooine
2023-10-10 10:03:41,335,x-wing,empire,8,9,10,10,Naboo
2023-10-10 10:03:40,336,tie_silencer,resistance,10,4,1,10,Iridonia
2023-10-10 10:03:39,337,resistance_soldier,empire,9,5,7,1,Ojom
2023-10-10 10:03:38,338,tie_fighter,empire,5,7,2,7,Haruun Kal
2023-10-10 10:03:37,339,tie_silencer,empire,10,10,4,2,Sullust
2023-10-10 10:03:36,340,unknown,resistance,6,8,8,3,Cerea
2023-10-10 10:03:35,341,stormtrooper,resistance,4,5,2,7,Aleen Minor
2023-10-10 10:03:34,342,x-wing,empire,3,2,6,2,Haruun Kal
2023-10-10 10:03:33,343,tie_fighter,empire,9,2,9,2,Ojom
2023-10-10 10:03:32,344,tie_fighter,empire,3,7,8,8,Socorro
2023-10-10 10:03:31,345,tie_fighter,empire,10,10,10,10,Vulpter
2023-10-10 10:03:30,346,at-st,resistance,1,5,2,5,Chandrila
2023-10-10 10:03:29,347,resistance_soldier,empire,9,8,4,3,Mirial
2023-10-10 10:03:28,348,at-at,resistance,7,2,3,2,Kashyyyk
2023-10-10 10:03:27,349,stormtrooper,empire,4,9,5,3,Corellia
2023-10-10 10:03:26,350,at-at,empire,3,5,6,8,Trandosha
2023-10-10 10:03:25,351,tie_fighter,resistance,5,10,3,6,Tholoth
2023-10-10 10:03:24,352,resistance_soldier,resistance,2,8,7,4,Champala
2023-10-10 10:03:23,353,tie_silencer,resistance,1,5,6,2,Cerea
2023-10-10 10:03:22,354,tie_silencer,resistance,6,9,6,10,Concord Dawn
2023-10-10 10:03:21,355,resistance_soldier,resistance,4,2,5,10,Haruun Kal
2023-10-10 10:03:20,356,stormtrooper,empire,8,9,4,3,Rodia
2023-10-10 10:03:19,357,tie_fighter,resistance,6,4,6,1,Tatooine
2023-10-10 10:03:18,358,tie_fighter,resistance,3,10,5,4,Haruun Kal
2023-10-10 10:03:17,359,at-at,empire,2,3,1,5,Bestine IV
2023-10-10 10:03:16,360,at-at,empire,3,5,2,6,Bestine IV
2023-10-10 10:03:15,361,unknown,resistance,9,4,8,7,Mon Cala
2023-10-10 10:03:14,362,tie_fighter,resistance,10,3,9,1,Alderaan
2023-10-10 10:03:13,363,x-wing,empire,8,9,9,3,Vulpter
2023-10-10 10:03:12,364,x-wing,resistance,2,8,2,5,Malastare
2023-10-10 10:03:11,365,stormtrooper,empire,2,7,9,5,Dathomir
2023-10-10 10:03:10,366,tie_silencer,resistance,3,3,10,7,Troiken
2023-10-10 10:03:09,367,at-at,resistance,1,6,6,8,Stewjon
2023-10-10 10:03:08,368,tie_silencer,resistance,8,7,6,5,Troiken
2023-10-10 10:03:07,369,tie_silencer,empire,8,1,4,3,Skako
2023-10-10 10:03:06,370,resistance_soldier,resistance,2,9,10,4,Trandosha
2023-10-10 10:03:05,371,tie_fighter,empire,6,7,6,3,Malastare
2023-10-10 10:03:04,372,tie_silencer,empire,8,9,3,10,Dagobah
2023-10-10 10:03:03,373,stormtrooper,empire,9,7,9,4,Dathomir
2023-10-10 10:03:02,374,tie_silencer,empire,1,2,2,6,Muunilinst
2023-10-10 10:03:01,375,x-wing,resistance,1,2,6,5,Skako
2023-10-10 10:03:00,376,at-st,empire,5,6,9,1,Skako
2023-10-10 10:02:59,377,tie_fighter,resistance,5,10,2,4,Malastare
2023-10-10 10:02:58,378,tie_fighter,empire,10,7,3,8,Socorro
2023-10-10 10:02:57,379,unknown,resistance,7,1,8,3,Socorro
2023-10-10 10:02:56,380,tie_silencer,empire,4,6,5,9,Corellia
2023-10-10 10:02:55,381,stormtrooper,empire,8,8,10,7,Rodia
2023-10-10 10:02:54,382,at-st,empire,10,4,5,5,Cerea
2023-10-10 10:02:53,383,resistance_soldier,resistance,1,10,4,9,Dagobah
2023-10-10 10:02:52,384,tie_silencer,empire,4,2,3,8,Alderaan
2023-10-10 10:02:51,385,at-at,empire,8,4,7,1,Serenno
2023-10-10 10:02:50,386,tie_silencer,resistance,10,7,6,10,Tund
2023-10-10 10:02:49,387,at-st,empire,10,9,4,2,Dathomir
2023-10-10 10:02:48,388,x-wing,empire,8,4,8,10,Zolan
2023-10-10 10:02:47,389,tie_silencer,empire,9,1,3,9,Tholoth
2023-10-10 10:02:46,390,at-st,empire,6,8,5,9,Shili
2023-10-10 10:02:45,391,at-st,resistance,6,5,10,10,Iridonia
2023-10-10 10:02:44,392,unknown,resistance,8,1,4,4,Glee Anselm
2023-10-10 10:02:43,393,x-wing,resistance,1,6,10,10,Naboo
2023-10-10 10:02:42,394,stormtrooper,resistance,6,2,9,2,Concord Dawn
2023-10-10 10:02:41,395,at-at,empire,9,3,9,6,Kashyyyk
2023-10-10 10:02:40,396,at-at,resistance,3,6,10,7,Tholoth
2023-10-10 10:02:39,397,stormtrooper,empire,5,10,4,3,Kalee
2023-10-10 10:02:38,398,x-wing,empire,2,6,3,8,Dorin
2023-10-10 10:02:37,399,tie_silencer,empire,8,6,9,6,Tund
2023-10-10 10:02:36,400,tie_fighter,resistance,1,5,2,1,Mirial
2023-10-10 10:02:35,401,resistance_soldier,empire,8,4,4,10,Tund
2023-10-10 10:02:34,402,tie_silencer,empire,1,4,2,2,Quermia
2023-10-10 10:02:33,403,at-at,resistance,8,3,9,10,Tatooine
2023-10-10 10:02:32,404,resistance_soldier,resistance,9,7,8,8,Champala
2023-10-10 10:02:31,405,resistance_soldier,resistance,7,2,9,10,Dorin
2023-10-10 10:02:30,406,tie_silencer,resistance,6,9,5,5,Rodia
2023-10-10 10:02:29,407,unknown,resistance,6,8,3,5,Skako
2023-10-10 10:02:28,408,tie_silencer,empire,3,6,1,10,Dathomir
2023-10-10 10:02:27,409,at-at,resistance,6,4,7,8,Zolan
2023-10-10 10:02:26,410,x-wing,resistance,3,7,3,9,Vulpter
2023-10-10 10:02:25,411,unknown,resistance,3,6,6,2,Aleen Minor
2023-10-10 10:02:24,412,stormtrooper,resistance,4,1,6,5,Ryloth
2023-10-10 10:02:23,413,unknown,resistance,3,5,7,8,Toydaria
2023-10-10 10:02:22,414,tie_fighter,resistance,7,3,6,6,Socorro
2023-10-10 10:02:21,415,resistance_soldier,empire,4,4,3,4,Dagobah
2023-10-10 10:02:20,416,unknown,resistance,7,1,3,6,Bestine IV
2023-10-10 10:02:19,417,tie_fighter,empire,8,5,5,10,Vulpter
2023-10-10 10:02:18,418,resistance_soldier,empire,2,9,5,6,Bestine IV
2023-10-10 10:02:17,419,x-wing,empire,7,6,4,8,Kashyyyk
2023-10-10 10:02:16,420,stormtrooper,resistance,2,2,4,9,Zolan
2023-10-10 10:02:15,421,tie_silencer,resistance,3,3,6,7,Eriadu
2023-10-10 10:02:14,422,tie_fighter,empire,1,8,5,8,Sullust
2023-10-10 10:02:13,423,x-wing,resistance,8,3,8,10,Tatooine
2023-10-10 10:02:12,424,unknown,empire,3,2,5,8,Troiken
2023-10-10 10:02:11,425,resistance_soldier,empire,6,6,9,10,Vulpter
2023-10-10 10:02:10,426,at-st,empire,3,1,1,3,Muunilinst
2023-10-10 10:02:09,427,at-st,empire,10,9,4,7,Tholoth
2023-10-10 10:02:08,428,at-st,resistance,4,2,7,1,Muunilinst
2023-10-10 10:02:07,429,stormtrooper,empire,8,8,9,3,Stewjon
2023-10-10 10:02:06,430,unknown,resistance,4,1,4,6,Tholoth
2023-10-10 10:02:05,431,tie_fighter,empire,5,9,4,9,Haruun Kal
2023-10-10 10:02:04,432,resistance_soldier,empire,4,10,10,4,Tholoth
2023-10-10 10:02:03,433,tie_silencer,resistance,5,4,3,3,Kashyyyk
2023-10-10 10:02:02,434,unknown,resistance,4,10,5,2,Toydaria
2023-10-10 10:02:01,435,at-at,resistance,7,7,9,1,Corellia
2023-10-10 10:02:00,436,x-wing,resistance,4,6,10,10,Serenno
2023-10-10 10:01:59,437,x-wing,resistance,1,2,4,10,Naboo
2023-10-10 10:01:58,438,at-st,resistance,1,1,5,5,Vulpter
2023-10-10 10:01:57,439,stormtrooper,empire,6,3,7,4,Tatooine
2023-10-10 10:01:56,440,stormtrooper,resistance,4,3,2,2,Dorin
2023-10-10 10:01:55,441,unknown,empire,5,4,1,3,Chandrila
2023-10-10 10:01:54,442,stormtrooper,empire,1,9,2,6,Umbara
2023-10-10 10:01:53,443,stormtrooper,resistance,3,7,8,6,Trandosha
2023-10-10 10:01:52,444,stormtrooper,resistance,8,6,4,2,Umbara
2023-10-10 10:01:51,445,x-wing,resistance,3,9,7,2,Toydaria
2023-10-10 10:01:50,446,at-at,resistance,10,5,3,2,Dorin
2023-10-10 10:01:49,447,tie_fighter,empire,7,7,5,1,Haruun Kal
2023-10-10 10:01:48,448,unknown,empire,10,10,4,3,Stewjon
2023-10-10 10:01:47,449,x-wing,empire,5,8,8,9,Tund
2023-10-10 10:01:46,450,at-at,resistance,7,5,5,10,Tatooine
2023-10-10 10:01:45,451,unknown,empire,2,6,1,4,Kashyyyk
2023-10-10 10:01:44,452,at-at,empire,5,9,10,10,Aleen Minor
2023-10-10 10:01:43,453,at-at,resistance,10,7,1,8,Tatooine
2023-10-10 10:01:42,454,x-wing,resistance,5,8,3,1,Tholoth
2023-10-10 10:01:41,455,stormtrooper,resistance,1,1,9,2,Sullust
2023-10-10 10:01:40,456,at-st,resistance,4,3,1,9,Champala
2023-10-10 10:01:39,457,tie_silencer,empire,1,3,1,4,Ryloth
2023-10-10 10:01:38,458,resistance_soldier,empire,3,8,3,4,Serenno
2023-10-10 10:01:37,459,tie_silencer,empire,10,8,6,4,Champala
2023-10-10 10:01:36,460,tie_silencer,empire,9,6,7,2,Stewjon
2023-10-10 10:01:35,461,at-at,empire,9,1,10,8,Kalee
2023-10-10 10:01:34,462,at-st,empire,1,10,5,1,Muunilinst
2023-10-10 10:01:33,463,unknown,resistance,1,3,5,7,Skako
2023-10-10 10:01:32,464,at-at,resistance,6,6,5,2,Umbara
2023-10-10 10:01:31,465,at-st,resistance,4,4,2,5,Sullust
2023-10-10 10:01:30,466,at-at,resistance,2,9,8,7,Tholoth
2023-10-10 10:01:29,467,at-st,empire,9,2,9,9,Iktotch
2023-10-10 10:01:28,468,x-wing,resistance,2,8,5,3,Mon Cala
2023-10-10 10:01:27,469,at-st,empire,5,5,3,6,Tatooine
2023-10-10 10:01:26,470,unknown,resistance,8,8,10,7,Mirial
2023-10-10 10:01:25,471,at-at,resistance,1,5,7,4,Kashyyyk
2023-10-10 10:01:24,472,x-wing,resistance,3,5,7,7,Troiken
2023-10-10 10:01:23,473,x-wing,empire,10,5,10,10,Mirial
2023-10-10 10:01:22,474,x-wing,empire,3,3,6,4,Quermia
2023-10-10 10:01:21,475,tie_silencer,empire,5,1,5,7,Skako
2023-10-10 10:01:20,476,at-at,resistance,5,5,9,7,Zolan
2023-10-10 10:01:19,477,x-wing,resistance,9,6,8,6,Kalee
2023-10-10 10:01:18,478,resistance_soldier,resistance,8,2,1,6,Alderaan
2023-10-10 10:01:17,479,unknown,empire,10,7,2,6,Corellia
2023-10-10 10:01:16,480,resistance_soldier,empire,4,10,9,8,Haruun Kal
2023-10-10 10:01:15,481,x-wing,resistance,5,9,7,3,Stewjon
2023-10-10 10:01:14,482,at-at,empire,5,3,1,3,Mon Cala
2023-10-10 10:01:13,483,tie_fighter,empire,6,2,10,8,Chandrila
2023-10-10 10:01:12,484,tie_fighter,resistance,3,8,4,4,Troiken
2023-10-10 10:01:11,485,at-st,empire,6,2,4,4,Umbara
2023-10-10 10:01:10,486,tie_silencer,resistance,4,9,6,2,Malastare
2023-10-10 10:01:09,487,at-st,resistance,3,7,2,7,Dorin
2023-10-10 10:01:08,488,x-wing,empire,6,7,7,7,Skako
2023-10-10 10:01:07,489,stormtrooper,resistance,3,10,5,6,Stewjon
2023-10-10 10:01:06,490,stormtrooper,resistance,4,8,8,3,Eriadu
2023-10-10 10:01:05,491,tie_silencer,resistance,2,5,10,5,Kalee
2023-10-10 10:01:04,492,x-wing,resistance,10,9,10,10,Ryloth
2023-10-10 10:01:03,493,tie_fighter,resistance,7,6,6,6,Muunilinst
2023-10-10 10:01:02,494,at-at,empire,5,1,8,6,Bestine IV
2023-10-10 10:01:01,495,at-st,resistance,1,9,9,3,Dathomir
2023-10-10 10:01:00,496,tie_silencer,empire,2,6,1,6,Rodia
2023-10-10 10:00:59,497,unknown,resistance,1,7,1,4,Eriadu
2023-10-10 10:00:58,498,resistance_soldier,resistance,1,1,4,10,Shili
2023-10-10 10:00:57,499,unknown,resistance,1,6,1,10,Dorin
2023-10-10 10:00:56,500,resistance_soldier,resistance,10,8,7,7,Umbara
2023-10-10 10:00:55,501,at-at,empire,3,3,2,5,Tatooine
2023-10-10 10:00:54,502,resistance_soldier,resistance,9,7,3,9,Quermia
2023-10-10 10:00:53,503,unknown,empire,8,5,10,10,Dathomir
2023-10-10 10:00:52,504,tie_fighter,empire,9,5,7,1,Muunilinst
2023-10-10 10:00:51,505,tie_fighter,empire,3,8,1,9,Muunilinst
2023-10-10 10:00:50,506,unknown,empire,2,6,5,3,Skako
2023-10-10 10:00:49,507,at-at,empire,7,4,5,2,Ojom
2023-10-10 10:00:48,508,tie_fighter,resistance,5,10,10,5,Cerea
2023-10-10 10:00:47,509,tie_fighter,resistance,8,7,4,10,Mon Cala
2023-10-10 10:00:46,510,tie_silencer,resistance,5,7,8,1,Eriadu
2023-10-10 10:00:45,511,at-st,resistance,6,4,8,10,Sullust
2023-10-10 10:00:44,512,tie_fighter,empire,9,9,2,3,Iridonia
2023-10-10 10:00:43,513,at-at,resistance,7,2,1,2,Glee Anselm
2023-10-10 10:00:42,514,at-st,resistance,3,3,10,4,Bestine IV
2023-10-10 10:00:41,515,resistance_soldier,empire,4,2,3,1,Mon Cala
2023-10-10 10:00:40,516,resistance_soldier,resistance,5,6,3,5,Rodia
2023-10-10 10:00:39,517,at-st,resistance,2,7,3,3,Trandosha
2023-10-10 10:00:38,518,at-at,empire,2,8,4,3,Tund
2023-10-10 10:00:37,519,x-wing,resistance,7,10,4,5,Iktotch
2023-10-10 10:00:36,520,stormtrooper,resistance,3,5,10,9,Dathomir
2023-10-10 10:00:35,521,tie_fighter,empire,1,10,1,10,Iridonia
2023-10-10 10:00:34,522,resistance_soldier,empire,7,1,2,9,Toydaria
2023-10-10 10:00:33,523,tie_fighter,empire,6,1,6,4,Serenno
2023-10-10 10:00:32,524,stormtrooper,resistance,3,6,4,8,Glee Anselm
2023-10-10 10:00:31,525,at-st,empire,1,6,9,2,Trandosha
2023-10-10 10:00:30,526,x-wing,resistance,5,7,2,3,Iridonia
2023-10-10 10:00:29,527,unknown,empire,9,2,2,4,Trandosha
2023-10-10 10:00:28,528,unknown,empire,7,3,6,9,Chandrila
2023-10-10 10:00:27,529,at-st,resistance,2,1,9,6,Ryloth
2023-10-10 10:00:26,530,x-wing,empire,7,7,10,8,Kashyyyk
2023-10-10 10:00:25,531,at-st,empire,1,8,8,6,Dorin
2023-10-10 10:00:24,532,unknown,empire,1,10,4,10,Vulpter
2023-10-10 10:00:23,533,at-st,resistance,3,10,6,3,Dagobah
2023-10-10 10:00:22,534,at-st,resistance,1,8,8,3,Umbara
2023-10-10 10:00:21,535,stormtrooper,empire,10,8,8,8,Kashyyyk
2023-10-10 10:00:20,536,at-st,resistance,9,7,2,1,Ojom
2023-10-10 10:00:19,537,at-st,resistance,1,1,5,3,Umbara
2023-10-10 10:00:18,538,stormtrooper,empire,9,4,2,5,Vulpter
2023-10-10 10:00:17,539,tie_fighter,empire,2,10,9,1,Alderaan
2023-10-10 10:00:16,540,x-wing,empire,6,1,7,7,Toydaria
2023-10-10 10:00:15,541,resistance_soldier,empire,9,1,7,2,Tund
2023-10-10 10:00:14,542,tie_fighter,empire,10,10,8,3,Cerea
2023-10-10 10:00:13,543,stormtrooper,resistance,8,9,8,2,Iktotch
2023-10-10 10:00:12,544,tie_fighter,empire,2,9,7,1,Ojom
2023-10-10 10:00:11,545,tie_fighter,resistance,6,5,5,2,Tholoth
2023-10-10 10:00:10,546,stormtrooper,empire,5,10,8,10,Naboo
2023-10-10 10:00:09,547,tie_silencer,empire,1,10,9,8,Vulpter
2023-10-10 10:00:08,548,x-wing,resistance,1,8,1,1,Iktotch
2023-10-10 10:00:07,549,at-at,resistance,10,9,8,8,Muunilinst
2023-10-10 10:00:06,550,tie_fighter,empire,7,9,4,4,Kashyyyk
2023-10-10 10:00:05,551,resistance_soldier,empire,3,8,4,10,Zolan
2023-10-10 10:00:04,552,at-st,resistance,9,3,1,1,Kalee
2023-10-10 10:00:03,553,at-at,resistance,10,3,6,5,Shili
2023-10-10 10:00:02,554,x-wing,empire,3,5,7,2,Champala
2023-10-10 10:00:01,555,at-at,resistance,10,8,4,8,Ryloth
2023-10-10 10:00:00,556,x-wing,resistance,1,5,3,5,Cerea
2023-10-10 09:59:59,557,at-at,empire,4,5,8,6,Zolan
2023-10-10 09:59:58,558,at-st,empire,10,4,10,8,Umbara
2023-10-10 09:59:57,559,x-wing,resistance,9,6,6,4,Naboo
2023-10-10 09:59:56,560,at-at,empire,7,3,9,1,Tatooine
2023-10-10 09:59:55,561,at-st,empire,1,3,4,3,Muunilinst
2023-10-10 09:59:54,562,tie_fighter,resistance,2,5,2,6,Rodia
2023-10-10 09:59:53,563,resistance_soldier,empire,3,8,3,2,Glee Anselm
2023-10-10 09:59:52,564,x-wing,resistance,3,7,4,5,Sullust
2023-10-10 09:59:51,565,at-at,empire,1,5,5,1,Kashyyyk
2023-10-10 09:59:50,566,tie_silencer,resistance,9,3,10,8,Skako
2023-10-10 09:59:49,567,tie_fighter,empire,8,3,5,9,Umbara
2023-10-10 09:59:48,568,tie_fighter,empire,1,3,8,4,Kashyyyk
2023-10-10 09:59:47,569,x-wing,empire,4,6,6,5,Stewjon
2023-10-10 09:59:46,570,x-wing,resistance,7,9,8,8,Eriadu
2023-10-10 09:59:45,571,x-wing,resistance,1,5,9,10,Ryloth
2023-10-10 09:59:44,572,tie_silencer,empire,5,1,6,1,Kashyyyk
2023-10-10 09:59:43,573,at-at,resistance,2,9,6,2,Concord Dawn
2023-10-10 09:59:42,574,at-st,empire,6,6,6,1,Naboo
2023-10-10 09:59:41,575,tie_fighter,resistance,8,2,8,5,Dathomir
2023-10-10 09:59:40,576,tie_silencer,resistance,7,4,6,7,Shili
2023-10-10 09:59:39,577,x-wing,empire,9,10,1,7,Tatooine
2023-10-10 09:59:38,578,at-at,empire,1,1,4,9,Tund
2023-10-10 09:59:37,579,tie_fighter,resistance,8,4,1,9,Tatooine
2023-10-10 09:59:36,580,unknown,empire,4,2,1,8,Tatooine
2023-10-10 09:59:35,581,unknown,empire,10,6,8,8,Dorin
2023-10-10 09:59:34,582,at-st,resistance,10,8,10,9,Ojom
2023-10-10 09:59:33,583,at-st,resistance,10,8,2,4,Stewjon
2023-10-10 09:59:32,584,stormtrooper,empire,5,6,5,1,Zolan
2023-10-10 09:59:31,585,tie_silencer,empire,7,10,9,9,Dathomir
2023-10-10 09:59:30,586,at-at,resistance,1,3,2,1,Vulpter
2023-10-10 09:59:29,587,tie_silencer,empire,7,1,10,10,Ryloth
2023-10-10 09:59:28,588,x-wing,resistance,9,10,5,5,Rodia
2023-10-10 09:59:27,589,at-at,empire,1,8,5,5,Tholoth
2023-10-10 09:59:26,590,x-wing,resistance,1,8,3,4,Vulpter
2023-10-10 09:59:25,591,tie_silencer,resistance,9,8,2,9,Chandrila
2023-10-10 09:59:24,592,at-at,resistance,4,6,10,2,Naboo
2023-10-10 09:59:23,593,resistance_soldier,empire,7,8,4,2,Glee Anselm
2023-10-10 09:59:22,594,at-st,resistance,8,8,9,3,Eriadu
2023-10-10 09:59:21,595,unknown,empire,4,8,1,10,Quermia
2023-10-10 09:59:20,596,at-st,empire,8,4,2,4,Chandrila
2023-10-10 09:59:19,597,resistance_soldier,resistance,10,4,9,3,Muunilinst
2023-10-10 09:59:18,598,stormtrooper,empire,4,2,1,10,Alderaan
2023-10-10 09:59:17,599,tie_fighter,empire,9,7,2,1,Dorin
2023-10-10 09:59:16,600,x-wing,empire,8,9,5,8,Tholoth
2023-10-10 09:59:15,601,tie_fighter,empire,4,3,5,1,Alderaan
2023-10-10 09:59:14,602,tie_fighter,empire,4,3,1,7,Alderaan
2023-10-10 09:59:13,603,resistance_soldier,empire,4,8,9,4,Troiken
2023-10-10 09:59:12,604,stormtrooper,resistance,4,9,7,6,Iridonia
2023-10-10 09:59:11,605,resistance_soldier,empire,3,5,2,7,Alderaan
2023-10-10 09:59:10,606,x-wing,empire,5,10,5,7,Trandosha
2023-10-10 09:59:09,607,stormtrooper,empire,6,4,6,7,Kashyyyk
2023-10-10 09:59:08,608,unknown,empire,1,6,7,1,Socorro
2023-10-10 09:59:07,609,tie_silencer,empire,9,3,4,5,Ryloth
2023-10-10 09:59:06,610,unknown,resistance,4,1,2,1,Muunilinst
2023-10-10 09:59:05,611,at-at,resistance,6,6,9,1,Dorin
2023-10-10 09:59:04,612,at-st,empire,7,3,3,8,Alderaan
2023-10-10 09:59:03,613,stormtrooper,resistance,10,8,10,3,Cerea
2023-10-10 09:59:02,614,unknown,empire,1,6,7,9,Tund
2023-10-10 09:59:01,615,unknown,empire,2,9,10,10,Tund
2023-10-10 09:59:00,616,tie_silencer,empire,2,3,3,3,Dorin
2023-10-10 09:58:59,617,at-st,resistance,7,3,2,6,Rodia
2023-10-10 09:58:58,618,tie_fighter,empire,7,4,10,3,Umbara
2023-10-10 09:58:57,619,at-at,resistance,3,10,4,9,Tholoth
2023-10-10 09:58:56,620,tie_fighter,resistance,6,10,2,2,Aleen Minor
2023-10-10 09:58:55,621,at-at,resistance,4,4,8,4,Kashyyyk
2023-10-10 09:58:54,622,unknown,resistance,6,10,1,10,Kashyyyk
2023-10-10 09:58:53,623,resistance_soldier,empire,3,10,3,1,Skako
2023-10-10 09:58:52,624,tie_fighter,empire,2,3,1,1,Champala
2023-10-10 09:58:51,625,x-wing,empire,5,10,10,5,Corellia
2023-10-10 09:58:50,626,at-st,resistance,9,1,9,5,Concord Dawn
2023-10-10 09:58:49,627,tie_silencer,resistance,7,6,8,10,Muunilinst
2023-10-10 09:58:48,628,resistance_soldier,empire,3,6,10,2,Skako
2023-10-10 09:58:47,629,resistance_soldier,empire,3,5,7,10,Tund
2023-10-10 09:58:46,630,at-st,resistance,8,1,1,6,Dagobah
2023-10-10 09:58:45,631,resistance_soldier,empire,4,9,10,9,Troiken
2023-10-10 09:58:44,632,x-wing,empire,10,8,4,6,Ojom
2023-10-10 09:58:43,633,at-at,resistance,7,4,8,8,Ryloth
2023-10-10 09:58:42,634,x-wing,resistance,6,1,4,5,Skako
2023-10-10 09:58:41,635,at-at,resistance,6,6,8,7,Rodia
2023-10-10 09:58:40,636,tie_silencer,empire,6,5,2,3,Mon Cala
2023-10-10 09:58:39,637,resistance_soldier,resistance,5,3,5,1,Corellia
2023-10-10 09:58:38,638,stormtrooper,empire,6,4,3,1,Tund
2023-10-10 09:58:37,639,resistance_soldier,empire,9,8,1,9,Champala
2023-10-10 09:58:36,640,tie_silencer,resistance,2,2,4,1,Umbara
2023-10-10 09:58:35,641,stormtrooper,resistance,1,10,5,7,Sullust
2023-10-10 09:58:34,642,unknown,resistance,7,7,10,7,Iktotch
2023-10-10 09:58:33,643,resistance_soldier,resistance,9,9,8,3,Kalee
2023-10-10 09:58:32,644,at-st,resistance,9,2,4,2,Iridonia
2023-10-10 09:58:31,645,x-wing,empire,6,10,6,8,Vulpter
2023-10-10 09:58:30,646,unknown,empire,5,9,3,8,Trandosha
2023-10-10 09:58:29,647,tie_fighter,empire,2,7,8,10,Shili
2023-10-10 09:58:28,648,resistance_soldier,empire,1,5,3,2,Serenno
2023-10-10 09:58:27,649,at-st,resistance,7,4,8,9,Stewjon
2023-10-10 09:58:26,650,tie_fighter,empire,4,2,5,10,Tund
2023-10-10 09:58:25,651,unknown,empire,5,10,8,2,Kalee
2023-10-10 09:58:24,652,tie_silencer,empire,4,4,1,6,Bestine IV
2023-10-10 09:58:23,653,unknown,empire,3,3,3,9,Serenno
2023-10-10 09:58:22,654,at-at,resistance,3,4,3,8,Cerea
2023-10-10 09:58:21,655,at-at,empire,7,4,10,7,Bestine IV
2023-10-10 09:58:20,656,at-at,resistance,8,3,6,2,Eriadu
2023-10-10 09:58:19,657,x-wing,empire,7,4,5,5,Skako
2023-10-10 09:58:18,658,resistance_soldier,resistance,2,3,4,5,Eriadu
2023-10-10 09:58:17,659,at-st,resistance,2,3,5,2,Ryloth
2023-10-10 09:58:16,660,unknown,empire,10,3,2,10,Vulpter
2023-10-10 09:58:15,661,x-wing,empire,4,8,10,6,Naboo
2023-10-10 09:58:14,662,tie_silencer,resistance,9,2,10,7,Zolan
2023-10-10 09:58:13,663,resistance_soldier,resistance,3,4,2,8,Shili
2023-10-10 09:58:12,664,unknown,empire,3,4,8,6,Dagobah
2023-10-10 09:58:11,665,at-at,resistance,10,10,4,7,Iridonia
2023-10-10 09:58:10,666,resistance_soldier,empire,5,1,1,10,Champala
2023-10-10 09:58:09,667,stormtrooper,empire,8,1,3,7,Aleen Minor
2023-10-10 09:58:08,668,at-at,empire,9,6,8,3,Dorin
2023-10-10 09:58:07,669,at-at,resistance,5,7,10,2,Haruun Kal
2023-10-10 09:58:06,670,resistance_soldier,empire,9,5,8,1,Skako
2023-10-10 09:58:05,671,resistance_soldier,empire,6,10,5,7,Zolan
2023-10-10 09:58:04,672,at-st,resistance,9,1,5,7,Kashyyyk
2023-10-10 09:58:03,673,x-wing,resistance,10,1,3,5,Rodia
2023-10-10 09:58:02,674,stormtrooper,empire,2,7,2,2,Serenno
2023-10-10 09:58:01,675,x-wing,empire,5,6,8,6,Shili
2023-10-10 09:58:00,676,unknown,empire,9,10,10,10,Ryloth
2023-10-10 09:57:59,677,x-wing,empire,3,10,9,6,Eriadu
2023-10-10 09:57:58,678,tie_fighter,resistance,2,6,2,5,Mirial
2023-10-10 09:57:57,679,at-st,empire,10,7,2,3,Aleen Minor
2023-10-10 09:57:56,680,stormtrooper,empire,3,6,6,3,Tholoth
2023-10-10 09:57:55,681,at-st,resistance,10,5,10,6,Troiken
2023-10-10 09:57:54,682,tie_silencer,resistance,8,4,6,7,Dathomir
2023-10-10 09:57:53,683,at-st,empire,10,2,10,3,Vulpter
2023-10-10 09:57:52,684,at-at,empire,7,9,1,4,Zolan
2023-10-10 09:57:51,685,stormtrooper,empire,3,7,1,7,Champala
2023-10-10 09:57:50,686,tie_silencer,empire,1,2,7,2,Troiken
2023-10-10 09:57:49,687,x-wing,empire,6,7,1,6,Kalee
2023-10-10 09:57:48,688,tie_fighter,empire,9,6,5,2,Socorro
2023-10-10 09:57:47,689,at-at,resistance,2,2,7,8,Kashyyyk
2023-10-10 09:57:46,690,at-st,resistance,5,7,10,8,Tholoth
2023-10-10 09:57:45,691,tie_fighter,empire,9,3,2,7,Trandosha
2023-10-10 09:57:44,692,stormtrooper,empire,8,7,5,8,Serenno
2023-10-10 09:57:43,693,tie_fighter,empire,7,10,6,8,Chandrila
2023-10-10 09:57:42,694,tie_fighter,resistance,3,10,5,2,Toydaria
2023-10-10 09:57:41,695,x-wing,empire,6,4,10,1,Sullust
2023-10-10 09:57:40,696,tie_fighter,resistance,4,2,7,1,Kalee
2023-10-10 09:57:39,697,at-at,resistance,2,6,10,4,Serenno
2023-10-10 09:57:38,698,x-wing,resistance,4,9,4,6,Mirial
2023-10-10 09:57:37,699,resistance_soldier,empire,4,4,5,2,Mon Cala
2023-10-10 09:57:36,700,tie_silencer,resistance,10,8,9,6,Champala
2023-10-10 09:57:35,701,at-st,resistance,6,10,5,2,Troiken
2023-10-10 09:57:34,702,resistance_soldier,empire,1,1,7,4,Troiken
2023-10-10 09:57:33,703,tie_silencer,resistance,10,2,3,2,Trandosha
2023-10-10 09:57:32,704,at-st,empire,2,9,4,4,Corellia
2023-10-10 09:57:31,705,tie_silencer,resistance,3,4,8,1,Serenno
2023-10-10 09:57:30,706,tie_fighter,empire,2,1,2,9,Iridonia
2023-10-10 09:57:29,707,resistance_soldier,empire,8,9,3,5,Socorro
2023-10-10 09:57:28,708,stormtrooper,resistance,3,1,7,1,Glee Anselm
2023-10-10 09:57:27,709,at-st,resistance,3,3,4,5,Toydaria
2023-10-10 09:57:26,710,stormtrooper,empire,4,6,6,8,Dorin
2023-10-10 09:57:25,711,unknown,resistance,1,4,8,6,Haruun Kal
2023-10-10 09:57:24,712,unknown,empire,9,2,3,6,Mon Cala
2023-10-10 09:57:23,713,resistance_soldier,empire,2,1,1,2,Socorro
2023-10-10 09:57:22,714,tie_fighter,resistance,1,4,4,2,Rodia
2023-10-10 09:57:21,715,resistance_soldier,resistance,3,9,9,9,Cerea
2023-10-10 09:57:20,716,unknown,resistance,5,2,3,10,Trandosha
2023-10-10 09:57:19,717,at-at,resistance,5,7,3,2,Trandosha
2023-10-10 09:57:18,718,resistance_soldier,empire,4,3,7,9,Tholoth
2023-10-10 09:57:17,719,unknown,empire,5,6,2,3,Ojom
2023-10-10 09:57:16,720,tie_silencer,resistance,8,6,5,9,Aleen Minor
2023-10-10 09:57:15,721,resistance_soldier,resistance,5,10,1,1,Umbara
2023-10-10 09:57:14,722,unknown,resistance,3,10,8,10,Muunilinst
2023-10-10 09:57:13,723,at-st,empire,2,10,10,8,Corellia
2023-10-10 09:57:12,724,resistance_soldier,empire,5,3,5,1,Quermia
2023-10-10 09:57:11,725,at-st,empire,8,10,10,1,Mon Cala
2023-10-10 09:57:10,726,stormtrooper,resistance,5,8,4,2,Tatooine
2023-10-10 09:57:09,727,stormtrooper,empire,9,9,2,2,Toydaria
2023-10-10 09:57:08,728,stormtrooper,resistance,6,7,5,2,Stewjon
2023-10-10 09:57:07,729,tie_fighter,resistance,2,1,2,3,Muunilinst
2023-10-10 09:57:06,730,resistance_soldier,resistance,9,8,9,1,Cerea
2023-10-10 09:57:05,731,resistance_soldier,resistance,3,5,3,5,Ojom
2023-10-10 09:57:04,732,stormtrooper,resistance,1,7,3,5,Corellia
2023-10-10 09:57:03,733,at-st,resistance,5,10,5,4,Muunilinst
2023-10-10 09:57:02,734,tie_fighter,empire,4,9,6,9,Tholoth
2023-10-10 09:57:01,735,at-at,resistance,2,2,9,10,Eriadu
2023-10-10 09:57:00,736,unknown,resistance,8,7,3,3,Bestine IV
2023-10-10 09:56:59,737,tie_fighter,empire,7,2,2,2,Mon Cala
2023-10-10 09:56:58,738,at-st,resistance,4,8,8,4,Kalee
2023-10-10 09:56:57,739,at-st,empire,6,8,7,6,Trandosha
2023-10-10 09:56:56,740,x-wing,empire,3,9,7,2,Stewjon
2023-10-10 09:56:55,741,tie_silencer,resistance,9,10,2,5,Socorro
2023-10-10 09:56:54,742,x-wing,resistance,5,9,4,6,Stewjon
2023-10-10 09:56:53,743,unknown,empire,5,2,2,3,Toydaria
2023-10-10 09:56:52,744,stormtrooper,empire,3,2,5,5,Eriadu
2023-10-10 09:56:51,745,stormtrooper,empire,8,3,8,9,Stewjon
2023-10-10 09:56:50,746,tie_silencer,resistance,2,9,10,7,Zolan
2023-10-10 09:56:49,747,tie_fighter,empire,10,8,1,7,Sullust
2023-10-10 09:56:48,748,at-st,empire,8,7,8,5,Rodia
2023-10-10 09:56:47,749,at-st,empire,8,3,3,8,Tholoth
2023-10-10 09:56:46,750,tie_fighter,resistance,2,8,2,10,Kashyyyk
2023-10-10 09:56:45,751,tie_silencer,resistance,4,1,2,1,Champala
2023-10-10 09:56:44,752,at-st,empire,4,2,1,6,Bestine IV
2023-10-10 09:56:43,753,stormtrooper,empire,3,7,2,8,Iridonia
2023-10-10 09:56:42,754,at-st,resistance,8,10,5,8,Quermia
2023-10-10 09:56:41,755,x-wing,empire,3,4,2,6,Kalee
2023-10-10 09:56:40,756,stormtrooper,empire,8,7,1,3,Umbara
2023-10-10 09:56:39,757,unknown,empire,4,7,6,7,Kashyyyk
2023-10-10 09:56:38,758,tie_fighter,resistance,3,4,9,1,Muunilinst
2023-10-10 09:56:37,759,x-wing,empire,2,8,3,7,Serenno
2023-10-10 09:56:36,760,tie_silencer,resistance,1,1,4,5,Socorro
2023-10-10 09:56:35,761,resistance_soldier,resistance,1,10,10,10,Shili
2023-10-10 09:56:34,762,stormtrooper,resistance,4,2,10,3,Eriadu
2023-10-10 09:56:33,763,tie_fighter,resistance,10,10,1,1,Vulpter
2023-10-10 09:56:32,764,tie_fighter,empire,9,7,2,2,Malastare
2023-10-10 09:56:31,765,resistance_soldier,resistance,5,7,5,9,Cerea
2023-10-10 09:56:30,766,at-st,resistance,7,6,8,9,Corellia
2023-10-10 09:56:29,767,x-wing,resistance,7,7,9,2,Quermia
2023-10-10 09:56:28,768,unknown,resistance,7,10,1,1,Bestine IV
2023-10-10 09:56:27,769,at-st,resistance,6,3,1,4,Bestine IV
2023-10-10 09:56:26,770,stormtrooper,resistance,6,8,2,10,Naboo
2023-10-10 09:56:25,771,tie_fighter,resistance,10,6,8,4,Haruun Kal
2023-10-10 09:56:24,772,x-wing,resistance,9,6,8,6,Cerea
2023-10-10 09:56:23,773,x-wing,resistance,6,9,9,8,Shili
2023-10-10 09:56:22,774,at-st,empire,10,3,4,9,Tund
2023-10-10 09:56:21,775,stormtrooper,empire,10,8,4,2,Tund
2023-10-10 09:56:20,776,resistance_soldier,empire,10,2,2,8,Sullust
2023-10-10 09:56:19,777,x-wing,empire,8,5,2,8,Dathomir
2023-10-10 09:56:18,778,tie_fighter,empire,1,2,9,9,Skako
2023-10-10 09:56:17,779,at-at,empire,2,3,6,3,Iridonia
2023-10-10 09:56:16,780,resistance_soldier,resistance,3,2,4,5,Tholoth
2023-10-10 09:56:15,781,unknown,empire,5,3,9,5,Tholoth
2023-10-10 09:56:14,782,stormtrooper,empire,4,8,1,9,Vulpter
2023-10-10 09:56:13,783,tie_silencer,resistance,5,2,6,4,Skako
2023-10-10 09:56:12,784,at-at,resistance,9,5,8,5,Naboo
2023-10-10 09:56:11,785,unknown,resistance,7,5,8,5,Toydaria
2023-10-10 09:56:10,786,at-st,resistance,2,5,2,8,Iktotch
2023-10-10 09:56:09,787,x-wing,resistance,10,3,2,9,Trandosha
2023-10-10 09:56:08,788,at-st,empire,3,1,8,2,Ryloth
2023-10-10 09:56:07,789,stormtrooper,empire,6,2,9,4,Iktotch
2023-10-10 09:56:06,790,tie_silencer,empire,10,4,4,10,Vulpter
2023-10-10 09:56:05,791,resistance_soldier,empire,6,5,9,9,Chandrila
2023-10-10 09:56:04,792,resistance_soldier,resistance,10,5,6,5,Concord Dawn
2023-10-10 09:56:03,793,stormtrooper,empire,8,2,10,1,Dathomir
2023-10-10 09:56:02,794,tie_silencer,resistance,1,10,3,7,Naboo
2023-10-10 09:56:01,795,resistance_soldier,empire,10,7,9,3,Iktotch
2023-10-10 09:56:00,796,resistance_soldier,resistance,1,1,4,7,Dagobah
2023-10-10 09:55:59,797,x-wing,empire,7,4,10,1,Corellia
2023-10-10 09:55:58,798,resistance_soldier,empire,2,4,10,3,Dagobah
2023-10-10 09:55:57,799,unknown,empire,2,8,9,2,Tatooine
2023-10-10 09:55:56,800,at-st,resistance,8,4,1,7,Eriadu
2023-10-10 09:55:55,801,x-wing,empire,5,6,2,4,Mirial
2023-10-10 09:55:54,802,tie_fighter,resistance,2,6,10,5,Tatooine
2023-10-10 09:55:53,803,x-wing,empire,3,10,2,4,Corellia
2023-10-10 09:55:52,804,tie_silencer,empire,6,9,2,2,Toydaria
2023-10-10 09:55:51,805,x-wing,empire,7,4,10,6,Mirial
2023-10-10 09:55:50,806,tie_silencer,resistance,10,3,5,7,Concord Dawn
2023-10-10 09:55:49,807,x-wing,empire,8,10,1,1,Dorin
2023-10-10 09:55:48,808,tie_silencer,empire,1,9,3,9,Glee Anselm
2023-10-10 09:55:47,809,x-wing,empire,7,10,8,7,Corellia
2023-10-10 09:55:46,810,tie_fighter,resistance,6,5,6,6,Glee Anselm
2023-10-10 09:55:45,811,unknown,resistance,5,2,10,5,Shili
2023-10-10 09:55:44,812,at-st,resistance,4,10,4,1,Glee Anselm
2023-10-10 09:55:43,813,tie_silencer,resistance,6,8,3,1,Mirial
2023-10-10 09:55:42,814,tie_fighter,empire,10,4,9,6,Dagobah
2023-10-10 09:55:41,815,x-wing,empire,8,10,3,4,Umbara
2023-10-10 09:55:40,816,unknown,resistance,6,7,10,5,Tund
2023-10-10 09:55:39,817,resistance_soldier,resistance,8,7,1,4,Aleen Minor
2023-10-10 09:55:38,818,tie_fighter,resistance,9,4,6,2,Champala
2023-10-10 09:55:37,819,stormtrooper,empire,7,6,9,5,Ryloth
2023-10-10 09:55:36,820,x-wing,resistance,8,9,2,2,Toydaria
2023-10-10 09:55:35,821,unknown,empire,2,4,2,4,Quermia
2023-10-10 09:55:34,822,unknown,resistance,7,3,2,9,Socorro
2023-10-10 09:55:33,823,stormtrooper,resistance,7,4,8,9,Rodia
2023-10-10 09:55:32,824,unknown,resistance,5,8,10,2,Quermia
2023-10-10 09:55:31,825,at-at,resistance,8,10,1,10,Tund
2023-10-10 09:55:30,826,tie_silencer,empire,9,1,4,4,Tatooine
2023-10-10 09:55:29,827,x-wing,resistance,2,5,5,4,Sullust
2023-10-10 09:55:28,828,x-wing,empire,9,2,3,5,Haruun Kal
2023-10-10 09:55:27,829,x-wing,resistance,7,1,1,5,Malastare
2023-10-10 09:55:26,830,resistance_soldier,resistance,5,7,3,2,Dathomir
2023-10-10 09:55:25,831,resistance_soldier,resistance,10,6,6,4,Skako
2023-10-10 09:55:24,832,resistance_soldier,resistance,10,7,3,4,Muunilinst
2023-10-10 09:55:23,833,tie_silencer,resistance,6,8,2,1,Aleen Minor
2023-10-10 09:55:22,834,tie_silencer,empire,7,6,10,6,Kalee
2023-10-10 09:55:21,835,x-wing,resistance,10,3,10,6,Eriadu
2023-10-10 09:55:20,836,at-st,empire,4,4,8,6,Champala
2023-10-10 09:55:19,837,x-wing,empire,4,2,1,7,Champala
2023-10-10 09:55:18,838,x-wing,empire,3,3,4,4,Iktotch
2023-10-10 09:55:17,839,stormtrooper,resistance,2,6,5,7,Dathomir
2023-10-10 09:55:16,840,tie_silencer,empire,9,9,6,4,Iktotch
2023-10-10 09:55:15,841,unknown,empire,7,7,8,2,Cerea
2023-10-10 09:55:14,842,x-wing,resistance,4,6,8,8,Tholoth
2023-10-10 09:55:13,843,unknown,resistance,8,10,8,6,Quermia
2023-10-10 09:55:12,844,at-st,empire,8,2,2,6,Iktotch
2023-10-10 09:55:11,845,stormtrooper,empire,2,1,10,1,Toydaria
2023-10-10 09:55:10,846,tie_fighter,empire,9,7,5,8,Champala
2023-10-10 09:55:09,847,at-st,resistance,8,4,1,3,Alderaan
2023-10-10 09:55:08,848,at-at,resistance,6,8,8,5,Dathomir
2023-10-10 09:55:07,849,stormtrooper,empire,7,3,7,9,Troiken
2023-10-10 09:55:06,850,tie_fighter,resistance,2,3,4,8,Tund
2023-10-10 09:55:05,851,tie_silencer,empire,9,3,6,8,Ryloth
2023-10-10 09:55:04,852,tie_fighter,resistance,5,3,1,6,Ryloth
2023-10-10 09:55:03,853,x-wing,resistance,2,9,6,4,Socorro
2023-10-10 09:55:02,854,at-at,resistance,9,6,10,8,Quermia
2023-10-10 09:55:01,855,unknown,resistance,3,7,8,9,Quermia
2023-10-10 09:55:00,856,unknown,empire,9,1,2,7,Bestine IV
2023-10-10 09:54:59,857,at-st,resistance,5,4,4,4,Quermia
2023-10-10 09:54:58,858,tie_fighter,resistance,7,9,8,2,Dorin
2023-10-10 09:54:57,859,x-wing,empire,10,6,10,5,Ryloth
2023-10-10 09:54:56,860,x-wing,resistance,4,10,8,3,Ryloth
2023-10-10 09:54:55,861,unknown,resistance,8,2,1,1,Bestine IV
2023-10-10 09:54:54,862,tie_silencer,empire,3,8,2,6,Malastare
2023-10-10 09:54:53,863,at-st,resistance,10,1,7,1,Toydaria
2023-10-10 09:54:52,864,tie_silencer,empire,3,8,7,2,Dathomir
2023-10-10 09:54:51,865,resistance_soldier,empire,5,9,6,4,Quermia
2023-10-10 09:54:50,866,tie_fighter,resistance,3,9,4,5,Haruun Kal
2023-10-10 09:54:49,867,resistance_soldier,resistance,4,1,2,3,Chandrila
2023-10-10 09:54:48,868,at-st,resistance,7,8,3,2,Kashyyyk
2023-10-10 09:54:47,869,unknown,resistance,2,6,7,4,Mon Cala
2023-10-10 09:54:46,870,unknown,resistance,1,10,4,6,Dagobah
2023-10-10 09:54:45,871,x-wing,resistance,9,9,5,10,Cerea
2023-10-10 09:54:44,872,at-st,empire,1,4,1,5,Dagobah
2023-10-10 09:54:43,873,resistance_soldier,resistance,2,7,5,10,Ojom
2023-10-10 09:54:42,874,resistance_soldier,empire,1,8,5,6,Zolan
2023-10-10 09:54:41,875,stormtrooper,empire,10,9,3,9,Dorin
2023-10-10 09:54:40,876,tie_silencer,empire,10,8,6,7,Zolan
2023-10-10 09:54:39,877,at-st,empire,4,5,6,2,Troiken
2023-10-10 09:54:38,878,tie_silencer,resistance,4,5,3,9,Ojom
2023-10-10 09:54:37,879,stormtrooper,resistance,8,8,10,3,Glee Anselm
2023-10-10 09:54:36,880,stormtrooper,empire,5,2,6,3,Ryloth
2023-10-10 09:54:35,881,unknown,empire,7,6,9,3,Serenno
2023-10-10 09:54:34,882,unknown,empire,6,4,1,8,Muunilinst
2023-10-10 09:54:33,883,tie_silencer,resistance,2,9,8,2,Vulpter
2023-10-10 09:54:32,884,resistance_soldier,resistance,3,7,10,1,Muunilinst
2023-10-10 09:54:31,885,tie_silencer,empire,1,5,6,3,Kashyyyk
2023-10-10 09:54:30,886,unknown,empire,5,9,4,7,Umbara
2023-10-10 09:54:29,887,unknown,empire,5,7,3,10,Cerea
2023-10-10 09:54:28,888,at-at,empire,6,7,2,2,Trandosha
2023-10-10 09:54:27,889,at-at,empire,8,2,9,6,Mirial
2023-10-10 09:54:26,890,at-at,empire,8,8,4,5,Stewjon
2023-10-10 09:54:25,891,at-st,resistance,1,7,10,4,Stewjon
2023-10-10 09:54:24,892,stormtrooper,empire,4,3,4,1,Stewjon
2023-10-10 09:54:23,893,tie_fighter,empire,10,3,5,7,Shili
2023-10-10 09:54:22,894,at-at,resistance,1,8,3,7,Rodia
2023-10-10 09:54:21,895,resistance_soldier,empire,1,4,10,4,Iridonia
2023-10-10 09:54:20,896,at-at,resistance,1,2,4,10,Concord Dawn
2023-10-10 09:54:19,897,tie_silencer,empire,8,4,3,5,Kalee
2023-10-10 09:54:18,898,resistance_soldier,empire,4,8,7,8,Concord Dawn
2023-10-10 09:54:17,899,at-at,empire,2,6,6,9,Kalee
2023-10-10 09:54:16,900,unknown,resistance,7,3,2,7,Concord Dawn
2023-10-10 09:54:15,901,tie_silencer,empire,4,8,4,5,Dagobah
2023-10-10 09:54:14,902,tie_fighter,empire,6,4,2,10,Quermia
2023-10-10 09:54:13,903,resistance_soldier,empire,7,6,5,4,Rodia
2023-10-10 09:54:12,904,at-st,resistance,9,2,4,6,Trandosha
2023-10-10 09:54:11,905,resistance_soldier,resistance,8,7,3,8,Glee Anselm
2023-10-10 09:54:10,906,resistance_soldier,resistance,1,9,2,6,Dagobah
2023-10-10 09:54:09,907,tie_fighter,empire,6,10,4,7,Glee Anselm
2023-10-10 09:54:08,908,at-st,empire,1,9,9,1,Kashyyyk
2023-10-10 09:54:07,909,tie_fighter,resistance,3,7,1,8,Stewjon
2023-10-10 09:54:06,910,unknown,empire,1,10,1,8,Bestine IV
2023-10-10 09:54:05,911,at-st,empire,5,10,7,9,Mon Cala
2023-10-10 09:54:04,912,tie_fighter,empire,4,10,7,7,Tatooine
2023-10-10 09:54:03,913,x-wing,resistance,3,9,9,6,Socorro
2023-10-10 09:54:02,914,resistance_soldier,empire,1,6,4,10,Shili
2023-10-10 09:54:01,915,at-at,resistance,1,1,1,2,Iridonia
2023-10-10 09:54:00,916,resistance_soldier,resistance,1,6,8,7,Malastare
2023-10-10 09:53:59,917,at-at,empire,8,10,2,10,Tund
2023-10-10 09:53:58,918,at-at,empire,3,5,10,1,Iridonia
2023-10-10 09:53:57,919,resistance_soldier,resistance,2,4,8,1,Mon Cala
2023-10-10 09:53:56,920,x-wing,resistance,10,9,10,7,Toydaria
2023-10-10 09:53:55,921,tie_silencer,resistance,10,4,2,2,Iridonia
2023-10-10 09:53:54,922,stormtrooper,resistance,7,5,4,7,Serenno
2023-10-10 09:53:53,923,tie_fighter,empire,1,9,5,4,Trandosha
2023-10-10 09:53:52,924,x-wing,empire,9,7,3,3,Toydaria
2023-10-10 09:53:51,925,x-wing,empire,6,1,3,6,Malastare
2023-10-10 09:53:50,926,resistance_soldier,empire,1,10,2,3,Glee Anselm
2023-10-10 09:53:49,927,tie_silencer,empire,7,9,9,7,Alderaan
2023-10-10 09:53:48,928,stormtrooper,resistance,1,8,5,2,Corellia
2023-10-10 09:53:47,929,tie_silencer,empire,4,9,9,8,Ojom
2023-10-10 09:53:46,930,tie_silencer,resistance,1,8,8,1,Tund
2023-10-10 09:53:45,931,unknown,empire,8,8,6,8,Sullust
2023-10-10 09:53:44,932,resistance_soldier,resistance,1,8,5,4,Alderaan
2023-10-10 09:53:43,933,tie_fighter,empire,1,5,10,6,Shili
2023-10-10 09:53:42,934,tie_fighter,resistance,7,5,9,4,Socorro
2023-10-10 09:53:41,935,x-wing,empire,6,4,3,9,Bestine IV
2023-10-10 09:53:40,936,stormtrooper,resistance,7,6,2,1,Dathomir
2023-10-10 09:53:39,937,at-at,resistance,9,2,4,8,Ryloth
2023-10-10 09:53:38,938,stormtrooper,empire,8,9,1,10,Mirial
2023-10-10 09:53:37,939,stormtrooper,resistance,7,4,8,9,Eriadu
2023-10-10 09:53:36,940,stormtrooper,resistance,9,4,2,7,Alderaan
2023-10-10 09:53:35,941,tie_silencer,resistance,8,3,10,3,Toydaria
2023-10-10 09:53:34,942,resistance_soldier,empire,10,1,6,7,Malastare
2023-10-10 09:53:33,943,at-at,empire,9,5,1,3,Shili
2023-10-10 09:53:32,944,resistance_soldier,resistance,4,3,4,6,Tatooine
2023-10-10 09:53:31,945,unknown,resistance,5,10,7,9,Iktotch
2023-10-10 09:53:30,946,stormtrooper,resistance,3,4,1,5,Cerea
2023-10-10 09:53:29,947,unknown,empire,1,1,8,1,Aleen Minor
2023-10-10 09:53:28,948,resistance_soldier,empire,10,8,8,4,Mon Cala
2023-10-10 09:53:27,949,at-at,empire,8,6,10,6,Dathomir
2023-10-10 09:53:26,950,resistance_soldier,resistance,1,8,10,10,Zolan
2023-10-10 09:53:25,951,tie_silencer,empire,8,1,2,10,Iridonia
2023-10-10 09:53:24,952,at-st,empire,5,6,8,5,Kalee
2023-10-10 09:53:23,953,stormtrooper,resistance,7,3,9,10,Zolan
2023-10-10 09:53:22,954,resistance_soldier,resistance,7,5,3,4,Shili
2023-10-10 09:53:21,955,at-st,resistance,4,9,9,7,Zolan
2023-10-10 09:53:20,956,stormtrooper,resistance,6,8,1,3,Mirial
2023-10-10 09:53:19,957,stormtrooper,resistance,9,2,8,3,Bestine IV
2023-10-10 09:53:18,958,at-at,resistance,4,10,6,7,Trandosha
2023-10-10 09:53:17,959,resistance_soldier,resistance,7,3,8,2,Kalee
2023-10-10 09:53:16,960,x-wing,resistance,2,8,3,7,Dagobah
2023-10-10 09:53:15,961,tie_silencer,resistance,4,1,7,10,Trandosha
2023-10-10 09:53:14,962,at-at,empire,9,7,1,2,Zolan
2023-10-10 09:53:13,963,resistance_soldier,empire,2,3,9,10,Muunilinst
2023-10-10 09:53:12,964,stormtrooper,empire,7,8,2,6,Champala
2023-10-10 09:53:11,965,stormtrooper,resistance,9,10,8,3,Skako
2023-10-10 09:53:10,966,unknown,empire,1,7,1,8,Concord Dawn
2023-10-10 09:53:09,967,unknown,resistance,7,10,3,1,Mon Cala
2023-10-10 09:53:08,968,resistance_soldier,resistance,2,4,4,5,Tholoth
2023-10-10 09:53:07,969,stormtrooper,empire,2,8,9,2,Aleen Minor
2023-10-10 09:53:06,970,stormtrooper,resistance,6,3,8,1,Mon Cala
2023-10-10 09:53:05,971,at-at,empire,7,10,1,7,Sullust
2023-10-10 09:53:04,972,stormtrooper,resistance,9,8,2,9,Aleen Minor
2023-10-10 09:53:03,973,stormtrooper,resistance,10,9,5,5,Corellia
2023-10-10 09:53:02,974,resistance_soldier,resistance,10,6,4,5,Champala
2023-10-10 09:53:01,975,stormtrooper,resistance,7,10,8,4,Eriadu
2023-10-10 09:53:00,976,x-wing,resistance,2,10,7,9,Mon Cala
2023-10-10 09:52:59,977,tie_fighter,empire,9,10,8,8,Kalee
2023-10-10 09:52:58,978,tie_fighter,resistance,4,8,7,5,Iridonia
2023-10-10 09:52:57,979,at-at,empire,9,1,7,6,Dagobah
2023-10-10 09:52:56,980,tie_silencer,empire,6,5,7,1,Stewjon
2023-10-10 09:52:55,981,tie_silencer,empire,7,8,9,9,Mirial
2023-10-10 09:52:54,982,tie_silencer,empire,8,10,5,4,Toydaria
2023-10-10 09:52:53,983,unknown,resistance,8,5,9,6,Zolan
2023-10-10 09:52:52,984,resistance_soldier,resistance,1,8,7,3,Trandosha
2023-10-10 09:52:51,985,stormtrooper,resistance,10,3,4,10,Concord Dawn
2023-10-10 09:52:50,986,tie_silencer,empire,2,3,9,3,Dathomir
2023-10-10 09:52:49,987,at-st,empire,8,9,8,6,Vulpter
2023-10-10 09:52:48,988,x-wing,resistance,7,5,9,6,Stewjon
2023-10-10 09:52:47,989,tie_fighter,resistance,10,4,8,4,Corellia
2023-10-10 09:52:46,990,tie_silencer,empire,3,10,5,10,Kalee
2023-10-10 09:52:45,991,stormtrooper,empire,3,1,2,3,Alderaan
2023-10-10 09:52:44,992,at-at,empire,5,5,9,2,Tatooine
2023-10-10 09:52:43,993,unknown,empire,9,5,6,6,Haruun Kal
2023-10-10 09:52:42,994,unknown,empire,7,7,9,5,Eriadu
2023-10-10 09:52:41,995,at-at,resistance,7,10,5,5,Muunilinst
2023-10-10 09:52:40,996,resistance_soldier,empire,2,8,4,3,Socorro
2023-10-10 09:52:39,997,tie_silencer,empire,1,6,10,7,Champala
2023-10-10 09:52:38,998,unknown,empire,3,7,9,9,Dorin
2023-10-10 09:52:37,999,tie_fighter,resistance,7,1,2,3,Umbara
2023-10-10 09:52:36,1000,tie_fighter,resistance,9,8,9,8,Kashyyyk
